<?xml version="1.0" encoding="UTF-8" ?>
<!DOCTYPE mapper
        PUBLIC "-//mybatis.org//DTD Mapper 3.0//EN"
        "http://mybatis.org/dtd/mybatis-3-mapper.dtd">


<mapper namespace="cn.pxl.login.dao.UserDao">
    <select id="findAll" resultType="cn.pxl.login.entity.User">
        select * from User;
    </select>

    <select id="findUserByUserAcctNbr" resultType="cn.pxl.login.entity.User">
        select * from User where acctNbr = #{acctNbr};
    </select>

    <insert id="insert" parameterType="cn.pxl.login.entity.User">
        INSERT INTO student (id,userName,passWord) VALUES (#{id},#{userName},#{passWord});
    </insert>

    <delete id="delete" parameterType="int">
        DELETE FROM student WHERE id = #{id};
    </delete>


</mapper>
